<Ticker>,<DTYYYYMMDD>,<Open>,<High>,<Low>,<Close>,<Volume>
AAA,20140326,24.8,25.0,23.0,23.6,1104400
AAM,20140326,15.8,16.3,15.8,16.1,15870
ABT,20140326,49.0,49.8,49.0,49.8,300
ACB,20140326,17.3,17.3,17.0,17.0,583854
ACC,20140326,32.8,33.0,32.0,32.0,29860
ACL,20140326,11.6,11.6,10.9,11.4,69530
ADC,20140326,22.6,22.6,22.6,22.6,900
AGF,20140326,21.0,21.2,21.0,21.2,440
AGM,20140326,15.0,15.0,14.9,15.0,3050
AGR,20140326,9.2,9.3,8.7,8.7,3719960
ALP,20140326,7.0,7.0,6.2,6.2,155000
ALT,20140326,12.9,13.2,12.9,13.0,1700
ALV,20140326,6.7,6.7,6.3,6.3,49200
AMC,20140326,0.0,0.0,0.0,30.0,0
AME,20140326,6.8,6.8,5.9,6.4,1500
AMV,20140326,6.4,7.2,6.0,6.9,60800
ANV,20140326,11.4,11.8,10.8,11.1,327830
APC,20140326,0.0,0.0,0.0,13.9,0
APG,20140326,7.2,7.2,6.5,6.9,45400
API,20140326,13.1,13.5,13.0,13.5,47700
APP,20140326,13.0,13.1,12.8,12.8,15500
APS,20140326,8.1,8.5,7.4,7.4,3162901
ARM,20140326,20.4,20.5,20.4,20.5,2000
ASA,20140326,0.0,0.0,0.0,17.2,0
ASIAGF,20140326,0.0,0.0,0.0,9.6,0
ASM,20140326,11.9,12.2,11.1,11.1,2472820
ASP,20140326,9.6,9.6,8.9,8.9,631050
ATA,20140326,6.7,6.7,6.3,6.3,59320
AVF,20140326,8.8,8.8,8.1,8.1,1744740
B82,20140326,12.5,12.5,12.5,12.5,140
BBC,20140326,39.9,39.9,38.5,39.0,9490
BBS,20140326,14.1,14.3,14.1,14.3,10000
BCC,20140326,8.9,8.9,8.4,8.4,807900
BCE,20140326,13.8,13.9,13.1,13.2,223150
BCI,20140326,26.6,26.9,26.0,26.3,291350
BDB,20140326,5.7,5.7,5.7,5.7,500
BED,20140326,0.0,0.0,0.0,14.0,0
BGM,20140326,7.6,7.6,6.9,6.9,2645210
BHC,20140326,3.3,3.3,3.3,3.3,48302
BHS,20140326,12.6,12.7,12.4,12.4,113940
BHT,20140326,7.1,7.1,7.0,7.0,500
BHV,20140326,0.0,0.0,0.0,9.0,0
BIC,20140326,15.5,15.6,15.4,15.6,670590
BID,20140326,17.3,17.3,16.7,16.8,2030920
BKC,20140326,13.4,13.4,13.3,13.3,1700
BLF,20140326,8.8,9.3,8.5,8.6,86700
BMC,20140326,41.8,42.3,41.0,41.2,91420
BMI,20140326,20.0,20.5,19.0,19.8,1381480
BMP,20140326,82.5,82.5,79.0,79.0,112630
BPC,20140326,12.4,12.5,12.1,12.3,6280
BRC,20140326,10.8,11.9,10.8,11.0,6920
BSC,20140326,7.1,7.1,7.1,7.1,200
BSI,20140326,9.4,9.4,8.6,8.9,662840
BST,20140326,12.9,13.9,12.9,13.9,200
BT6,20140326,8.6,8.9,8.5,8.8,10620
BTH,20140326,5.3,5.3,4.8,4.8,14100
BTP,20140326,16.5,16.5,15.5,15.6,428620
BTS,20140326,6.4,6.4,6.2,6.2,21800
BTT,20140326,34.3,34.3,34.3,34.3,10
BVG,20140326,5.2,5.2,4.5,4.5,75500
BVH,20140326,47.2,47.6,45.4,45.4,1211980
BVS,20140326,16.9,17.4,16.1,16.3,2253065
BXH,20140326,10.4,10.4,10.4,10.4,100
C21,20140326,23.0,23.0,22.5,22.9,1960
C32,20140326,31.3,31.7,30.3,30.3,70350
C47,20140326,20.6,21.7,20.6,21.7,1010
C92,20140326,14.1,14.1,13.0,13.0,1400
CAN,20140326,23.0,24.0,23.0,24.0,9300
CAP,20140326,30.4,30.7,30.4,30.5,9200
CCI,20140326,13.5,13.5,13.1,13.1,2510
CCL,20140326,8.5,8.5,7.8,7.8,880760
CCM,20140326,0.0,0.0,0.0,12.5,0
CDC,20140326,11.1,11.3,10.1,10.1,300180
CIC,20140326,0.0,0.0,0.0,0.0,0
CID,20140326,0.0,0.0,0.0,14.5,0
CIG,20140326,6.0,6.0,5.9,6.0,359090
CII,20140326,28.5,28.5,27.2,27.3,1268180
CJC,20140326,0.0,0.0,0.0,23.5,0
CKV,20140326,10.8,10.8,10.0,10.0,26600
CLC,20140326,28.8,29.0,28.5,29.0,9690
CLG,20140326,12.3,12.3,11.7,12.1,172970
CLP,20140326,5.8,5.8,5.3,5.3,9050
CLW,20140326,16.2,16.9,16.2,16.9,4880
CMC,20140326,7.2,7.7,7.1,7.7,8700
CMG,20140326,8.3,8.4,8.1,8.1,498890
CMI,20140326,21.7,21.7,20.0,20.9,71900
CMS,20140326,14.0,14.3,13.4,13.5,143500
CMT,20140326,10.5,10.8,10.5,10.8,3630
CMV,20140326,13.0,13.0,12.9,12.9,1090
CMX,20140326,6.3,6.3,5.8,5.8,447700
CNG,20140326,44.6,44.9,43.2,43.5,46020
CNT,20140326,5.4,5.5,5.3,5.3,33590
COM,20140326,35.0,35.1,35.0,35.0,440
CPC,20140326,18.5,19.6,18.4,19.6,900
CSC,20140326,20.9,21.4,20.0,20.0,13000
CSM,20140326,44.8,45.0,43.0,43.6,1027630
CT6,20140326,11.6,11.6,11.5,11.5,11300
CTA,20140326,5.9,5.9,5.3,5.4,208430
CTB,20140326,22.0,22.0,22.0,22.0,200
CTC,20140326,9.0,9.1,8.4,9.0,16400
CTD,20140326,66.0,67.0,66.0,66.5,423780
CTG,20140326,17.5,17.6,17.1,17.1,1870400
CTI,20140326,12.7,13.0,12.2,12.2,5700
CTM,20140326,7.0,7.0,6.0,6.0,72023
CTN,20140326,9.6,9.6,9.2,9.2,10700
CTS,20140326,11.8,12.4,11.0,11.5,1397110
CTV,20140326,0.0,0.0,0.0,0.0,0
CTX,20140326,0.0,0.0,0.0,11.7,0
CVN,20140326,5.6,5.6,5.1,5.1,230900
CVT,20140326,17.5,17.7,17.3,17.6,33100
CX8,20140326,5.7,6.0,5.5,5.8,14500
CYC,20140326,8.0,8.5,8.0,8.4,7530
D11,20140326,13.8,13.8,13.8,13.8,500
D2D,20140326,26.0,26.3,25.2,25.2,22610
DAC,20140326,0.0,0.0,0.0,7.0,2
DAD,20140326,17.1,17.1,17.0,17.0,3300
DAE,20140326,0.0,0.0,0.0,18.5,0
DAG,20140326,15.4,15.4,15.3,15.3,3550
DBC,20140326,24.5,24.5,23.2,23.2,323700
DBT,20140326,29.5,29.5,29.5,29.5,3100
DC2,20140326,6.2,6.2,6.2,6.2,100
DC4,20140326,10.2,10.5,10.2,10.5,5800
DCL,20140326,32.3,32.3,30.6,30.6,116900
DCS,20140326,8.1,8.3,7.5,7.5,3523866
DCT,20140326,4.2,4.3,3.9,3.9,1381730
DHA,20140326,11.9,12.2,11.2,11.2,104270
DHC,20140326,14.6,14.7,14.3,14.6,69420
DHG,20140326,143.0,143.0,139.0,141.0,17060
DHI,20140326,0.0,0.0,0.0,0.0,0
DHM,20140326,10.5,10.5,9.8,9.8,1081510
DHP,20140326,12.1,12.1,10.4,10.6,84000
DHT,20140326,33.2,34.5,32.8,34.4,4500
DIC,20140326,11.1,11.3,10.4,10.5,997520
DID,20140326,6.9,6.9,5.7,5.7,166800
DIG,20140326,19.2,19.4,17.8,18.5,1745000
DIH,20140326,12.4,12.4,11.1,12.2,3410
DL1,20140326,8.3,8.5,8.2,8.5,18900
DLG,20140326,10.6,10.6,9.6,9.7,3571460
DLR,20140326,9.1,9.1,8.4,8.4,300
DMC,20140326,44.8,44.8,42.5,43.4,39030
DNC,20140326,12.9,12.9,12.9,12.9,200
DNM,20140326,39.3,40.0,39.3,40.0,8200
DNP,20140326,20.1,20.1,20.1,20.1,200
DNY,20140326,8.1,8.2,7.8,7.9,65879
DPC,20140326,0.0,0.0,0.0,12.8,0
DPM,20140326,44.4,44.4,43.5,43.5,1095790
DPR,20140326,45.0,47.6,44.4,45.6,608730
DQC,20140326,40.9,41.9,39.9,40.2,76510
DRC,20140326,45.3,45.3,43.9,44.8,594940
DRH,20140326,6.0,6.0,5.4,5.4,630700
DRL,20140326,30.2,30.5,30.1,30.5,7260
DSN,20140326,62.0,62.5,61.5,62.5,2890
DST,20140326,5.9,6.2,5.7,5.7,8800
DTA,20140326,5.8,5.8,5.3,5.3,48900
DTL,20140326,10.3,10.3,10.2,10.3,10510
DTT,20140326,6.8,6.8,6.8,6.8,940
DVP,20140326,48.0,48.9,47.5,47.5,4420
DXG,20140326,17.0,17.1,16.4,16.6,2238420
DXP,20140326,51.0,51.0,50.5,50.5,7800
DXV,20140326,6.3,6.4,5.8,5.8,75330
DZM,20140326,6.4,7.2,6.3,7.0,12162
EBS,20140326,9.7,9.7,9.5,9.7,121800
ECI,20140326,19.3,19.3,19.3,19.3,600
EFI,20140326,8.3,8.5,7.9,8.0,284020
EIB,20140326,15.2,15.4,14.5,14.7,1902690
EID,20140326,13.4,13.4,13.3,13.3,37640
ELC,20140326,18.7,18.7,18.7,18.7,10
EMC,20140326,6.4,6.4,5.8,6.0,13280
EVE,20140326,28.5,29.4,28.5,29.4,910
FCM,20140326,17.5,17.8,16.4,16.4,749950
FCN,20140326,27.8,28.1,27.0,27.0,1106630
FDC,20140326,30.3,30.3,29.0,29.0,108580
FDG,20140326,4.3,4.3,3.9,4.1,114300
FDT,20140326,30.0,30.0,30.0,30.0,100
FIT,20140326,14.9,14.9,14.9,14.9,39300
FLC,20140326,15.2,15.4,14.0,14.0,15373390
FMC,20140326,18.0,18.0,17.4,17.5,37430
FPT,20140326,70.0,70.5,67.5,68.0,1658730
GAS,20140326,83.5,84.0,82.0,82.0,346280
GDT,20140326,26.0,26.0,26.0,26.0,2050
GGG,20140326,4.2,4.5,3.8,3.8,905051
GIL,20140326,0.0,0.0,0.0,29.0,0
GLT,20140326,17.5,17.5,17.2,17.4,24500
GMC,20140326,34.4,34.5,34.3,34.5,27010
GMD,20140326,35.3,35.5,34.6,34.7,650880
GMX,20140326,14.0,14.4,13.5,14.4,4200
GSP,20140326,15.0,15.0,13.8,13.8,169590
GTA,20140326,12.0,12.0,11.5,11.5,15880
GTT,20140326,8.8,8.8,8.1,8.1,3363130
HAD,20140326,46.0,46.0,46.0,46.0,100
HAG,20140326,28.8,28.8,27.6,27.8,7075340
HAI,20140326,21.5,21.5,21.4,21.4,510
HAP,20140326,10.1,10.3,9.5,9.9,1105680
HAR,20140326,12.0,12.4,11.2,11.5,5534720
HAS,20140326,7.7,7.7,7.0,7.3,33180
HAT,20140326,0.0,0.0,0.0,51.9,0
HAX,20140326,6.8,7.0,6.6,6.9,13110
HBC,20140326,23.8,23.8,22.2,23.5,473490
HBE,20140326,0.0,0.0,0.0,6.3,0
HBS,20140326,7.0,7.0,6.9,6.9,7600
HCC,20140326,10.8,11.1,10.8,11.1,1417
HCM,20140326,40.9,41.3,38.9,39.0,1396280
HCT,20140326,10.1,10.4,10.1,10.4,200
HDA,20140326,13.3,13.3,12.5,12.5,30100
HDC,20140326,23.0,24.5,22.9,22.9,38160
HDG,20140326,26.2,26.3,24.9,25.1,664300
HDO,20140326,6.5,6.6,5.9,5.9,423310
HEV,20140326,16.5,16.5,15.4,15.4,3200
HGM,20140326,56.5,57.0,56.3,56.3,4500
HHC,20140326,0.0,0.0,0.0,30.0,0
HHG,20140326,5.5,5.6,5.2,5.2,31100
HHL,20140326,3.6,3.6,3.0,3.4,538649
HHS,20140326,32.1,32.6,32.0,32.5,107110
HJS,20140326,12.2,12.2,11.7,11.8,94900
HLA,20140326,6.6,6.8,6.2,6.4,2296630
HLC,20140326,0.0,0.0,0.0,12.0,0
HLD,20140326,22.1,22.8,21.2,21.5,280700
HLG,20140326,6.2,6.2,6.0,6.0,1660
HLY,20140326,12.1,12.1,12.1,12.1,1500
HMC,20140326,11.0,11.0,10.2,10.2,28540
HMH,20140326,24.3,24.3,23.0,23.3,51256
HNM,20140326,12.2,12.3,11.4,11.6,345700
HOM,20140326,8.7,8.8,8.4,8.5,153400
HOT,20140326,0.0,0.0,0.0,28.5,0
HPB,20140326,0.0,0.0,0.0,0.0,0
HPC,20140326,7.8,8.2,7.1,7.1,2005676
HPG,20140326,51.5,52.5,50.5,51.5,1372940
HPS,20140326,0.0,0.0,0.0,4.9,0
HQC,20140326,10.0,10.2,9.3,9.7,10374920
HRC,20140326,45.9,45.9,44.8,44.8,540
HSG,20140326,53.5,54.0,52.0,52.0,333520
HSI,20140326,4.8,4.8,4.8,4.8,248000
HST,20140326,12.2,12.2,12.2,12.2,100
HT1,20140326,12.6,12.6,12.0,12.1,1767720
HTB,20140326,0.0,0.0,0.0,23.6,0
HTC,20140326,25.1,25.1,25.1,25.1,1800
HTI,20140326,11.0,11.2,10.8,11.1,30470
HTL,20140326,17.3,17.3,17.3,17.3,40
HTP,20140326,7.7,7.7,7.7,7.7,100
HTV,20140326,18.9,18.9,18.5,18.7,1210
HU1,20140326,9.3,9.3,8.8,8.8,11740
HU3,20140326,11.1,11.1,10.5,10.5,37260
HUT,20140326,12.9,14.0,12.7,13.6,4504821
HVG,20140326,27.6,27.6,26.5,26.5,632080
HVT,20140326,18.0,18.2,18.0,18.0,1300
HVX,20140326,5.7,5.8,5.4,5.4,6090
ICF,20140326,7.1,7.1,6.7,6.7,197830
ICG,20140326,11.0,11.5,10.6,11.0,1011050
IDI,20140326,15.6,15.6,14.5,15.0,1237310
IDJ,20140326,6.5,6.5,5.8,5.8,200100
IDV,20140326,0.0,0.0,0.0,27.0,0
IJC,20140326,15.5,15.5,14.4,14.7,3375360
ILC,20140326,0.0,0.0,0.0,5.0,0
IMP,20140326,65.5,65.5,61.5,62.0,82080
INC,20140326,6.1,6.1,6.0,6.0,6100
INN,20140326,31.5,31.5,31.3,31.4,7800
ITA,20140326,10.2,10.7,9.9,10.0,24125390
ITC,20140326,10.6,11.0,10.2,10.4,2257740
ITD,20140326,8.2,8.3,7.7,7.8,632030
ITQ,20140326,7.0,7.5,6.7,6.7,867400
IVS,20140326,11.2,11.2,10.1,10.1,452800
JVC,20140326,18.2,18.3,17.8,17.9,389960
KAC,20140326,10.8,10.9,10.8,10.8,1060
KBC,20140326,13.6,14.0,13.3,13.4,3162830
KBT,20140326,0.0,0.0,0.0,0.0,0
KDC,20140326,61.5,62.0,61.0,61.5,34720
KDH,20140326,16.0,17.2,16.0,16.2,131140
KHA,20140326,23.5,24.0,23.5,23.5,57200
KHB,20140326,5.9,5.9,5.2,5.2,635510
KHL,20140326,6.0,6.0,5.4,5.4,238300
KHP,20140326,14.3,14.5,13.9,14.3,586790
KKC,20140326,14.7,14.8,14.7,14.7,32600
KLF,20140326,15.1,15.6,14.0,14.4,3685800
KLS,20140326,14.4,14.7,13.6,13.8,9088340
KMR,20140326,9.4,9.4,8.7,8.8,1760830
KMT,20140326,0.0,0.0,0.0,7.7,0
KSA,20140326,12.2,12.3,11.4,11.4,1747080
KSB,20140326,30.8,30.8,28.8,28.8,56210
KSD,20140326,6.6,7.0,6.4,6.5,1479800
KSH,20140326,8.6,8.7,7.7,8.3,34510
KSK,20140326,15.2,15.3,14.9,15.3,266830
KSQ,20140326,6.0,6.2,5.4,5.4,316700
KSS,20140326,8.7,8.7,8.0,8.0,1941010
KST,20140326,9.2,9.2,8.2,8.2,9400
KTB,20140326,7.8,8.0,7.4,7.4,1630300
KTS,20140326,0.0,0.0,0.0,16.5,0
KTT,20140326,4.7,5.2,4.7,4.8,9100
L10,20140326,16.1,16.1,15.8,16.1,27070
L14,20140326,8.6,9.7,8.6,9.7,8100
L18,20140326,11.1,11.8,10.9,11.8,4400
L35,20140326,6.7,6.7,6.2,6.2,14220
L43,20140326,8.5,8.7,8.5,8.5,10500
L44,20140326,7.8,8.1,7.4,7.8,12300
L61,20140326,11.5,11.5,11.0,11.1,6400
L62,20140326,0.0,0.0,0.0,6.9,0
LAF,20140326,12.6,12.9,11.9,12.5,135060
LAS,20140326,48.4,48.7,47.6,47.7,41200
LBE,20140326,14.7,14.8,12.3,12.3,20500
LBM,20140326,14.8,15.0,14.8,14.9,9030
LCD,20140326,0.0,0.0,0.0,8.6,0
LCG,20140326,8.5,8.7,8.1,8.2,3050880
LCM,20140326,9.4,9.4,8.7,8.8,1700960
LCS,20140326,7.5,7.6,7.2,7.2,85300
LDP,20140326,0.0,0.0,0.0,58.8,0
LGC,20140326,15.9,15.9,15.9,15.9,290
LGL,20140326,6.4,6.4,6.1,6.2,239920
LHC,20140326,65.8,66.0,65.0,65.1,19700
LHG,20140326,12.5,12.8,12.0,12.6,7450
LIG,20140326,9.1,9.1,8.4,8.6,189400
LIX,20140326,31.9,32.0,31.9,32.0,210
LM3,20140326,5.0,5.0,4.6,4.6,53900
LM7,20140326,6.2,6.8,6.2,6.8,27400
LM8,20140326,22.4,23.8,22.4,22.7,7150
LO5,20140326,6.5,6.5,6.0,6.4,14900
LSS,20140326,12.6,12.7,12.1,12.1,160370
LTC,20140326,12.6,12.6,11.8,11.9,69844
LUT,20140326,7.4,7.4,6.7,6.7,97300
MAC,20140326,7.3,7.6,7.0,7.2,85908
MAFPF1,20140326,10.0,10.1,9.9,10.1,20130
MAX,20140326,5.9,6.1,5.4,5.4,419800
MBB,20140326,16.4,16.4,15.7,15.8,5142690
MCC,20140326,12.3,12.5,12.3,12.5,300
MCF,20140326,15.1,15.3,15.0,15.3,4100
MCG,20140326,8.9,9.0,8.2,8.3,2263190
MCL,20140326,0.0,0.0,0.0,0.0,0
MCO,20140326,5.6,6.0,5.3,5.3,17200
MCP,20140326,18.9,21.0,18.9,21.0,150
MDC,20140326,12.5,12.5,12.1,12.1,8500
MDG,20140326,7.4,7.5,7.0,7.0,237030
MEC,20140326,8.6,8.6,8.1,8.1,26600
MHC,20140326,11.9,11.9,10.5,10.5,1080120
MHL,20140326,0.0,0.0,0.0,7.4,0
MIC,20140326,11.1,11.1,10.8,10.8,6400
MIH,20140326,0.0,0.0,0.0,0.0,0
MIM,20140326,5.5,5.5,5.5,5.5,1500
MKV,20140326,0.0,0.0,0.0,13.4,0
MMC,20140326,4.6,4.6,4.6,4.6,800
MNC,20140326,12.8,13.7,12.8,13.5,5100
MPC,20140326,28.0,29.0,27.1,29.0,3290
MSN,20140326,99.5,100.0,97.5,97.5,316470
MTG,20140326,7.9,8.0,7.4,7.4,481100
NAG,20140326,7.5,8.1,7.4,8.1,631298
NAV,20140326,7.0,7.2,6.8,6.8,2790
NBB,20140326,26.2,26.2,24.8,25.2,147470
NBC,20140326,14.1,14.1,13.8,13.8,66305
NBP,20140326,19.0,19.0,19.0,19.0,6500
NDN,20140326,12.2,12.6,11.8,11.8,315720
NDX,20140326,8.0,8.0,8.0,8.0,5000
NET,20140326,0.0,0.0,0.0,59.9,0
NFC,20140326,43.1,43.1,43.1,43.1,300
NGC,20140326,13.6,13.6,13.6,13.6,100
NHA,20140326,6.9,7.5,6.9,7.3,24500
NHC,20140326,0.0,0.0,0.0,31.8,0
NHS,20140326,12.2,12.2,12.1,12.2,472640
NHW,20140326,11.6,11.8,11.6,11.8,1010
NIS,20140326,0.0,0.0,0.0,0.0,0
NKG,20140326,14.0,14.1,13.4,13.6,197640
NLC,20140326,22.6,24.0,22.6,24.0,5100
NLG,20140326,18.6,20.3,18.6,19.5,360560
NNC,20140326,59.0,59.0,58.5,59.0,3700
NPS,20140326,16.0,16.0,16.0,16.0,7200
NSC,20140326,81.5,81.5,81.5,81.5,2350
NSN,20140326,0.0,0.0,0.0,2.8,0
NST,20140326,11.4,11.4,11.2,11.2,11900
NTL,20140326,18.7,19.5,18.2,18.5,3346750
NTP,20140326,72.0,72.0,68.2,70.1,9700
NVB,20140326,7.1,7.1,6.9,6.9,3900
NVC,20140326,3.0,3.0,2.8,3.0,2047373
NVN,20140326,4.7,4.7,4.7,4.7,76620
NVT,20140326,9.0,9.4,8.4,8.5,703700
OCH,20140326,34.3,34.3,33.9,33.9,130400
OGC,20140326,14.2,14.3,13.2,13.3,7460010
ONE,20140326,8.6,8.7,8.6,8.6,10900
OPC,20140326,64.5,64.5,64.0,64.0,60880
ORS,20140326,6.6,6.6,5.4,5.4,3591400
PAC,20140326,24.5,24.7,23.0,23.0,138410
PAN,20140326,43.5,45.0,43.3,43.6,13060
PCG,20140326,8.4,8.5,8.1,8.5,30100
PCT,20140326,6.7,6.7,6.1,6.5,46350
PDC,20140326,6.2,6.4,5.7,5.7,117400
PDN,20140326,35.2,35.7,34.8,35.7,7420
PDR,20140326,12.9,13.7,12.9,13.0,2400
PET,20140326,22.3,22.3,21.6,21.7,1287430
PFL,20140326,6.2,6.3,5.7,5.7,968800
PGC,20140326,14.8,14.8,13.8,14.1,683830
PGD,20140326,43.9,44.0,43.0,43.5,109190
PGI,20140326,10.7,11.2,10.7,10.8,199200
PGS,20140326,37.4,37.4,36.1,36.1,566500
PGT,20140326,5.8,5.9,5.8,5.9,11310
PHC,20140326,6.2,6.2,6.0,6.1,8900
PHH,20140326,9.1,9.4,8.1,9.0,528800
PHR,20140326,31.5,31.5,31.0,31.1,19960
PHS,20140326,0.0,0.0,0.0,0.0,0
PID,20140326,0.0,0.0,0.0,7.0,0
PIT,20140326,7.2,7.2,7.0,7.1,17130
PIV,20140326,4.7,5.0,4.5,4.5,29400
PJC,20140326,0.0,0.0,0.0,16.2,0
PJT,20140326,9.6,9.7,9.2,9.3,37560
PLC,20140326,25.5,25.5,24.4,24.9,67441
PMC,20140326,49.3,50.0,49.3,50.0,8740
PMS,20140326,12.0,12.1,11.0,12.1,3300
PNC,20140326,6.1,6.2,5.9,6.0,138010
PNJ,20140326,30.4,30.4,29.7,30.0,8740
POM,20140326,13.6,13.7,13.6,13.7,30
POT,20140326,9.2,9.2,9.0,9.2,22200
PPC,20140326,24.2,24.2,23.4,23.7,2150410
PPE,20140326,5.3,5.3,4.8,4.8,22900
PPG,20140326,5.0,5.0,4.3,4.3,21310
PPI,20140326,12.5,12.5,11.5,12.5,81180
PPP,20140326,0.0,0.0,0.0,11.4,25
PPS,20140326,12.2,12.2,11.8,12.1,16000
PRC,20140326,15.9,15.9,15.9,15.9,200
PSC,20140326,11.8,11.8,11.8,11.8,2900
PSD,20140326,52.5,52.5,52.5,52.5,230
PSG,20140326,4.2,4.2,3.8,4.1,5396127
PSI,20140326,9.8,9.9,9.0,9.8,286285
PTB,20140326,46.1,47.9,45.5,46.0,24020
PTC,20140326,7.4,7.5,6.9,6.9,130920
PTI,20140326,12.0,12.0,11.9,12.0,10600
PTK,20140326,8.6,8.7,8.0,8.0,836720
PTL,20140326,4.9,4.9,4.7,4.9,7441950
PTM,20140326,0.0,0.0,0.0,8.0,0
PTS,20140326,7.0,7.0,6.3,6.6,4040
PV2,20140326,5.6,5.8,5.1,5.1,1726000
PVA,20140326,5.6,5.8,5.1,5.1,852236
PVB,20140326,26.8,26.8,24.3,24.3,32920
PVC,20140326,20.2,20.4,19.1,19.2,1637975
PVD,20140326,80.5,81.5,78.0,79.0,915850
PVE,20140326,10.5,10.7,9.8,10.0,253130
PVG,20140326,15.5,15.9,15.0,15.0,763100
PVI,20140326,19.8,20.2,19.7,19.8,72521
PVL,20140326,5.8,6.2,5.3,5.3,3146600
PVR,20140326,5.8,6.0,5.4,5.6,56510
PVS,20140326,31.2,32.0,27.9,30.1,8356791
PVT,20140326,17.0,17.0,15.9,16.1,2422570
PVV,20140326,5.3,5.5,4.8,4.8,723700
PVX,20140326,6.7,7.2,6.2,6.3,17471591
PXA,20140326,6.3,6.3,5.6,6.0,598600
PXI,20140326,7.6,7.6,7.0,7.1,582610
PXL,20140326,6.2,6.3,5.9,5.9,3203820
PXM,20140326,2.7,2.7,2.7,2.7,296430
PXS,20140326,24.9,24.9,23.4,23.8,744500
PXT,20140326,7.2,7.3,6.8,6.8,454150
QCC,20140326,5.5,6.0,5.5,6.0,4000
QCG,20140326,11.4,11.8,10.6,11.8,1295440
QHD,20140326,16.3,16.5,16.3,16.4,2600
QNC,20140326,7.9,8.0,7.2,7.4,20536
QST,20140326,0.0,0.0,0.0,15.8,0
QTC,20140326,46.0,46.0,42.0,45.9,2700
RAL,20140326,58.5,59.0,57.0,58.5,11180
RCL,20140326,26.5,26.6,25.6,25.6,13800
RDP,20140326,15.8,16.2,15.8,16.2,2300
REE,20140326,32.3,32.4,31.3,31.7,3096800
RHC,20140326,0.0,0.0,0.0,0.0,0
RIC,20140326,10.4,10.4,9.5,9.5,43520
S12,20140326,9.9,9.9,9.9,9.9,2000
S55,20140326,42.8,42.8,42.0,42.2,10900
S74,20140326,14.6,14.7,14.2,14.3,68100
S91,20140326,0.0,0.0,0.0,0.0,0
S96,20140326,0.0,0.0,0.0,4.5,0
S99,20140326,10.0,10.7,9.8,10.6,222500
SAF,20140326,0.0,0.0,0.0,46.7,0
SAM,20140326,12.4,12.5,11.5,11.7,5327830
SAP,20140326,12.5,12.5,12.5,12.5,1100
SAV,20140326,17.9,17.9,17.0,17.7,24380
SBA,20140326,12.2,12.2,11.5,11.6,260330
SBC,20140326,10.5,10.5,10.0,10.4,1230
SBT,20140326,13.2,13.3,12.6,12.7,821240
SC5,20140326,24.7,26.2,24.7,26.1,35060
SCD,20140326,0.0,0.0,0.0,28.5,0
SCJ,20140326,15.9,17.2,15.8,16.7,154900
SCL,20140326,26.1,27.4,26.1,26.7,47400
SCR,20140326,11.8,12.8,11.5,12.1,13040927
SD1,20140326,5.4,5.4,4.9,4.9,39900
SD2,20140326,10.5,10.5,10.3,10.3,50000
SD4,20140326,9.0,9.0,8.7,8.7,26772
SD5,20140326,17.2,17.3,16.6,16.8,251300
SD6,20140326,15.1,15.2,14.3,14.7,330410
SD7,20140326,13.5,13.5,12.1,12.9,158900
SD9,20140326,16.5,17.2,16.4,16.6,222370
SDA,20140326,9.0,9.2,8.5,8.5,74602
SDB,20140326,4.2,4.2,3.7,3.7,270100
SDC,20140326,11.0,11.0,11.0,11.0,100
SDD,20140326,6.8,6.9,6.1,6.4,826110
SDE,20140326,8.8,8.8,8.8,8.8,260
SDG,20140326,23.0,23.0,23.0,23.0,11060
SDH,20140326,7.0,7.2,6.3,6.6,381200
SDN,20140326,0.0,0.0,0.0,26.0,0
SDP,20140326,8.4,8.5,7.9,8.3,370800
SDT,20140326,17.6,17.8,16.0,17.0,455630
SDU,20140326,9.6,9.6,9.5,9.5,5300
SDY,20140326,5.2,5.2,4.7,4.7,17000
SEB,20140326,26.0,26.0,26.0,26.0,100
SEC,20140326,12.2,12.3,12.1,12.2,58740
SED,20140326,19.9,19.9,19.9,19.9,100
SEL,20140326,0.0,0.0,0.0,0.0,0
SFC,20140326,18.5,20.0,18.5,20.0,1820
SFI,20140326,35.6,36.9,35.5,35.5,4010
SFN,20140326,0.0,0.0,0.0,16.2,0
SGC,20140326,28.0,28.0,28.0,28.0,100
SGD,20140326,11.4,11.4,11.3,11.3,2300
SGH,20140326,0.0,0.0,0.0,97.0,0
SGT,20140326,4.2,4.2,3.9,3.9,16600
SHA,20140326,6.8,7.0,6.1,6.1,107200
SHB,20140326,11.5,11.7,10.5,11.6,15571746
SHI,20140326,7.1,7.1,6.6,6.6,292160
SHN,20140326,7.3,7.5,6.5,6.5,3915577
SHS,20140326,10.0,10.3,9.3,9.5,5120590
SIC,20140326,10.6,10.6,9.0,9.0,8970
SII,20140326,18.7,19.3,18.7,19.2,10020
SJ1,20140326,0.0,0.0,0.0,20.5,0
SJC,20140326,9.6,11.0,9.6,9.6,12300
SJD,20140326,23.1,23.7,23.0,23.5,48530
SJE,20140326,20.7,20.7,20.5,20.5,5940
SJM,20140326,4.4,4.4,3.6,3.6,281300
SJS,20140326,24.8,26.4,24.7,26.4,1827700
SKS,20140326,11.6,11.6,11.4,11.4,200
SLS,20140326,28.2,28.5,28.0,28.5,17030
SMA,20140326,7.8,7.9,7.3,7.3,772400
SMC,20140326,13.1,13.1,12.6,13.0,14050
SMT,20140326,17.8,17.8,17.7,17.7,1943
SNG,20140326,0.0,0.0,0.0,22.3,0
SPI,20140326,5.4,5.4,5.4,5.4,4800
SPM,20140326,23.5,23.5,22.0,23.5,19260
SPP,20140326,10.2,10.2,9.3,9.3,27900
SQC,20140326,0.0,0.0,0.0,78.2,0
SRA,20140326,4.7,5.0,4.7,5.0,600
SRB,20140326,5.5,5.7,5.0,5.0,292350
SRC,20140326,25.9,26.0,25.5,25.6,146360
SRF,20140326,21.6,22.3,21.6,21.7,6520
SSC,20140326,45.0,46.5,43.0,46.5,5810
SSG,20140326,2.5,2.5,2.5,2.5,100
SSI,20140326,29.1,29.2,27.8,28.0,6026230
SSM,20140326,14.7,14.8,14.1,14.1,150346
ST8,20140326,22.2,22.2,21.0,22.1,940
STB,20140326,21.2,21.2,20.1,20.1,1400290
STC,20140326,14.8,14.8,14.8,14.8,100
STG,20140326,26.0,28.5,26.0,28.5,40
STL,20140326,0.0,0.0,0.0,0.0,0
STP,20140326,10.7,11.0,10.3,10.3,73400
STT,20140326,3.3,3.3,3.3,3.3,3000
SVC,20140326,19.4,19.7,18.4,18.7,774150
SVI,20140326,0.0,0.0,0.0,42.0,0
SVN,20140326,0.0,0.0,0.0,29.0,0
SVT,20140326,7.4,8.1,7.4,7.5,1040
SZL,20140326,24.0,24.7,24.0,24.0,7160
TAC,20140326,44.5,46.8,44.5,46.8,1220
TAG,20140326,25.0,26.1,23.0,26.1,1800
TAS,20140326,0.0,0.0,0.0,0.0,0
TBC,20140326,19.0,19.9,18.5,18.5,21860
TBX,20140326,10.1,10.1,10.1,10.1,100
TC6,20140326,18.5,18.7,18.2,18.5,54010
TCL,20140326,27.0,27.0,26.5,26.5,30800
TCM,20140326,28.8,28.8,27.6,27.7,1045940
TCO,20140326,12.4,13.2,12.4,13.0,307980
TCR,20140326,6.1,6.2,5.9,6.0,4060
TCS,20140326,14.6,14.6,13.9,14.0,50600
TCT,20140326,101.0,102.5,100.0,101.0,20100
TDC,20140326,13.5,13.8,13.0,13.2,2860070
TDH,20140326,19.2,19.7,18.8,19.1,445140
TDN,20140326,12.6,12.7,12.6,12.6,700
TDW,20140326,17.8,17.8,17.7,17.8,330
TET,20140326,0.0,0.0,0.0,10.1,0
TH1,20140326,35.0,37.1,35.0,37.1,400
THB,20140326,22.0,22.5,21.0,22.5,2200
THG,20140326,10.0,10.3,10.0,10.3,30550
THS,20140326,7.2,7.7,7.2,7.7,1900
THT,20140326,15.0,15.1,14.7,15.0,26200
TIC,20140326,10.4,10.4,10.4,10.4,1000
TIE,20140326,22.1,22.3,21.5,21.9,35290
TIG,20140326,9.8,10.0,9.5,9.7,102100
TIX,20140326,23.4,23.9,23.0,23.5,21790
TJC,20140326,7.6,7.6,7.2,7.4,44900
TKC,20140326,7.2,7.4,7.0,7.2,72200
TKU,20140326,0.0,0.0,0.0,13.0,0
TLG,20140326,44.5,44.5,44.5,44.5,10
TLH,20140326,10.7,10.8,10.0,10.2,2608480
TMC,20140326,10.7,11.8,10.3,11.0,2400
TMP,20140326,19.3,20.1,19.0,19.0,12890
TMS,20140326,35.5,35.5,35.5,35.5,2990
TMT,20140326,7.3,7.3,7.2,7.2,1970
TMX,20140326,0.0,0.0,0.0,9.0,0
TNA,20140326,27.5,27.5,27.0,27.0,10270
TNC,20140326,15.7,15.7,15.3,15.4,105350
TNG,20140326,15.1,15.3,14.0,15.0,74650
TNT,20140326,4.6,4.6,4.0,4.2,2875240
TPC,20140326,10.8,10.8,10.6,10.6,18060
TPH,20140326,8.0,8.0,8.0,8.0,4600
TPP,20140326,15.7,15.9,15.0,15.4,14470
TRA,20140326,87.0,87.5,85.0,87.0,20600
TRC,20140326,39.0,39.8,38.8,39.1,240440
TS4,20140326,13.5,13.8,13.1,13.1,205560
TSB,20140326,0.0,0.0,0.0,7.0,0
TSC,20140326,14.2,14.3,13.4,14.3,5540
TSM,20140326,0.0,0.0,0.0,2.7,0
TST,20140326,7.1,7.1,6.4,6.8,62200
TTC,20140326,12.3,12.3,12.0,12.0,4500
TTF,20140326,11.3,11.4,10.6,10.6,1982260
TTP,20140326,28.0,28.0,28.0,28.0,100
TTZ,20140326,8.3,8.7,7.9,7.9,151800
TV1,20140326,13.2,13.3,13.0,13.0,18000
TV2,20140326,20.8,20.8,20.3,20.3,6200
TV3,20140326,18.5,18.5,18.5,18.5,200
TV4,20140326,9.0,9.2,9.0,9.2,9975
TVD,20140326,15.1,15.4,15.1,15.1,22400
TXM,20140326,8.5,9.2,8.4,8.9,11825
TYA,20140326,8.9,9.1,8.5,8.5,162040
UDC,20140326,9.1,9.3,8.7,8.8,892880
UIC,20140326,17.3,17.3,16.9,16.9,61030
UNI,20140326,10.1,10.4,9.6,10.1,108100
V12,20140326,12.3,12.5,12.0,12.4,8300
V15,20140326,4.1,4.4,3.7,3.7,505400
V21,20140326,0.0,0.0,0.0,6.7,0
VAT,20140326,6.3,6.3,6.2,6.2,11100
VBC,20140326,39.0,39.0,39.0,39.0,7200
VBH,20140326,12.6,12.6,12.5,12.5,300
VC1,20140326,17.8,18.9,17.8,18.9,500
VC2,20140326,13.4,13.6,13.1,13.6,59500
VC3,20140326,15.8,15.8,14.0,14.4,5600
VC5,20140326,8.2,8.6,7.4,8.2,15900
VC6,20140326,8.9,9.3,8.6,8.6,6300
VC7,20140326,9.1,9.1,8.3,8.3,10100
VC9,20140326,10.0,10.0,9.5,9.9,43900
VCB,20140326,31.6,31.7,30.2,30.4,1491940
VCC,20140326,17.8,17.8,17.1,17.6,21840
VCF,20140326,148.0,149.0,148.0,149.0,20
VCG,20140326,17.0,17.1,16.0,16.5,4941518
VCM,20140326,15.5,15.5,15.4,15.5,7000
VCR,20140326,5.2,5.3,4.5,4.5,128147
VCS,20140326,18.5,19.0,17.9,17.9,335500
VCV,20140326,4.3,4.3,4.2,4.2,56300
VDL,20140326,32.2,32.5,32.2,32.5,2700
VDS,20140326,6.8,6.8,6.2,6.2,102800
VE1,20140326,5.5,5.5,5.1,5.1,52400
VE2,20140326,0.0,0.0,0.0,9.5,0
VE3,20140326,10.4,10.6,10.3,10.6,3900
VE4,20140326,0.0,0.0,0.0,8.9,0
VE8,20140326,5.9,6.6,5.9,6.6,300
VE9,20140326,9.1,9.2,8.5,8.5,50500
VFG,20140326,0.0,0.0,0.0,45.0,0
VFMVF4,20140326,0.0,0.0,0.0,7.5,0
VFR,20140326,8.6,9.2,8.4,9.0,128000
VGP,20140326,21.6,23.0,21.6,23.0,2120
VGS,20140326,9.2,9.4,8.7,8.7,1460020
VHC,20140326,30.0,30.0,28.9,28.9,3510
VHG,20140326,12.2,12.4,11.3,11.5,2737680
VHH,20140326,4.8,5.2,4.8,4.8,14400
VHL,20140326,0.0,0.0,0.0,29.4,0
VIC,20140326,76.5,76.5,73.0,73.5,316700
VID,20140326,6.6,6.7,6.2,6.2,476190
VIE,20140326,4.6,4.6,4.3,4.3,500
VIG,20140326,7.7,7.9,6.9,6.9,3358540
VIP,20140326,15.9,16.4,15.0,15.3,1079960
VIS,20140326,10.5,10.9,10.2,10.3,1166930
VIT,20140326,9.9,9.9,9.5,9.5,9200
VIX,20140326,10.5,10.6,10.5,10.6,7000
VKC,20140326,9.4,10.3,8.8,9.6,959700
VLA,20140326,0.0,0.0,0.0,12.9,0
VLF,20140326,6.7,7.0,6.6,6.8,3160
VMC,20140326,22.3,22.3,22.3,22.3,1300
VMD,20140326,16.2,16.7,15.8,15.8,7810
VNA,20140326,3.8,3.9,3.8,3.8,426850
VNC,20140326,16.8,17.6,16.5,16.5,14700
VND,20140326,17.0,17.5,16.4,16.6,3640673
VNE,20140326,8.6,8.6,7.9,8.2,1726660
VNF,20140326,31.0,31.0,30.5,31.0,3800
VNG,20140326,7.2,7.2,7.2,7.2,230
VNH,20140326,7.4,7.5,6.8,6.8,644360
VNI,20140326,4.7,4.7,4.7,4.7,20710
VNL,20140326,18.3,18.3,18.3,18.3,330
VNM,20140326,142.0,143.0,139.0,140.0,495510
VNN,20140326,5.0,5.0,4.6,4.6,6500
VNR,20140326,29.5,31.6,29.5,31.6,119319
VNS,20140326,52.0,53.0,49.6,53.0,1690
VNT,20140326,32.0,32.0,32.0,32.0,100
VOS,20140326,4.6,4.6,4.6,4.6,139850
VPC,20140326,4.9,5.0,4.4,4.4,221308
VPH,20140326,11.4,11.6,10.7,10.7,410060
VPK,20140326,34.6,34.7,34.0,34.0,18230
VRC,20140326,8.4,8.7,7.8,8.0,908310
VSC,20140326,72.0,72.0,69.5,69.5,92970
VSH,20140326,17.8,17.9,16.7,17.0,2478690
VSI,20140326,8.7,8.7,7.7,7.7,1040
VST,20140326,3.8,4.0,3.8,3.8,731040
VTB,20140326,12.0,12.0,11.8,12.0,350
VTC,20140326,5.0,5.6,5.0,5.3,34400
VTF,20140326,0.0,0.0,0.0,18.8,0
VTL,20140326,16.0,16.0,16.0,16.0,400
VTO,20140326,9.4,9.5,8.9,8.9,1246020
VTS,20140326,13.0,13.0,13.0,13.0,100
VTV,20140326,15.6,16.2,15.6,15.7,40200
VXB,20140326,0.0,0.0,0.0,11.7,0
WCS,20140326,70.5,79.6,70.5,79.6,200
WSS,20140326,7.2,7.3,6.7,6.8,1620000
XMC,20140326,0.0,0.0,0.0,0.0,0
YBC,20140326,7.0,7.0,7.0,7.0,1200
^BDS,20140326,318.0,320.9,303.8,307.9,107040094
^CAOSU,20140326,700.4,708.2,683.0,692.7,2750870
^CK,20140326,166.5,168.7,157.5,161.2,48731960
^CONGNGHE,20140326,380.8,383.6,366.3,369.8,9437857
^DAUKHI,20140326,198.0,200.6,188.2,193.8,62327797
^DICHVU,20140326,381.6,384.8,377.2,380.5,465980
^DUOCPHAM,20140326,686.6,688.4,668.6,676.3,853235
^GIAODUC,20140326,360.8,362.8,356.0,359.4,628670
^HASTC,20140326,91.2,92.1,88.9,89.8,160393670
^KHOANGSAN,20140326,217.3,217.8,214.3,215.0,11587278
^LARGECAP,20140326,516.2,519.2,498.8,502.1,41695250
^MIDCAP,20140326,274.7,279.1,260.6,269.4,130206221
^NANGLUONG,20140326,435.1,437.8,426.1,426.9,8445310
^NGANHANG,20140326,333.2,335.4,319.4,322.3,41561840
^NHUA,20140326,0.8,0.8,0.8,0.8,2393130
^SMALLCAP,20140326,0.8,0.8,0.8,0.8,47259076
^SXKD,20140326,508.8,513.0,490.0,498.5,19853546
^THEP,20140326,279.8,282.6,272.0,274.4,10313908
^THUCPHAM,20140326,741.9,749.1,732.6,740.2,2391530
^THUONGMAI,20140326,393.8,399.7,377.0,379.6,6033190
^THUYSAN,20140326,452.0,457.2,437.7,445.7,4726660
^VANTAI,20140326,229.4,232.0,221.1,224.7,13145328
^VLXD,20140326,223.8,226.1,215.2,217.9,10583038
^VN30,20140326,684.6,685.2,663.8,664.9,89674510
^VN50,20140326,477.9,481.1,461.9,465.4,92834910
^VNINDEX,20140326,603.5,603.7,587.5,588.1,259085060
^VNINDEX2,20140326,531.9,535.8,514.5,518.8,247910560
^XAYDUNG,20140326,168.0,170.6,159.2,164.2,64677918
