TICKER,DATE,OPEN,HIGH,LOW,CLOSE,VOLUME
AAM,20140708,14.5,14.5,14.5,14.5,25
ABT,20140708,50,50,47.1,49.5,51
ACC,20140708,28.2,28.2,28.2,28.2,3
ACL,20140708,9.4,9.5,9.2,9.5,1215
AGF,20140708,19.5,19.5,19.1,19.5,31
AGM,20140708,0,0,0,12.1,0
AGR,20140708,7.8,7.8,7.6,7.8,96424
ALP,20140708,4.3,4.3,4.2,4.2,120
ANV,20140708,9.7,9.7,9.6,9.7,342
APC,20140708,0,0,0,15.4,0
ASIAGF,20140708,0,0,0,9,0
ASM,20140708,10.6,10.8,10.5,10.8,50330
ASP,20140708,8.3,8.3,8,8.2,86310
ATA,20140708,5.9,6.3,5.9,6.2,104672
AVF,20140708,5.4,5.5,5.3,5.3,350848
BBC,20140708,59.5,60.5,57,58,1032
BCE,20140708,11,11.4,11,11.2,23595
BCI,20140708,19.9,20,19.7,20,736
BGM,20140708,5,5.1,4.9,5.1,25455
BHS,20140708,12,12.1,11.9,12.1,2047
BIC,20140708,10.8,10.8,10.5,10.7,6029
BID,20140708,15,15.1,14.8,14.8,28494
BMC,20140708,34.3,35,34.2,34.5,6131
BMI,20140708,14.8,14.9,14.5,14.7,22302
BMP,20140708,70.5,71,70.5,71,4384
BRC,20140708,10.4,10.4,10.3,10.4,400
BSI,20140708,8,8.1,7.9,8,21091
BT6,20140708,0,0,0,7,0
BTP,20140708,13.9,13.9,13.6,13.8,4734
BTT,20140708,34,34,33.2,33.2,635
BVH,20140708,43.1,43.5,42.8,43.2,8801
C21,20140708,0,0,0,20.1,0
C32,20140708,30.5,30.9,30.5,30.9,295
C47,20140708,18.5,18.5,18.5,18.5,1
CCI,20140708,12.6,12.6,12.6,12.6,12
CCL,20140708,5.7,5.7,5.5,5.6,26954
CDC,20140708,6.9,7.2,6.8,7.2,6774
CIG,20140708,3.8,3.9,3.7,3.9,2236
CII,20140708,20.2,20.5,20.1,20.5,110133
CLC,20140708,28.9,29,28.3,28.5,613
CLG,20140708,9.2,9.2,8.8,9,7868
CLL,20140708,35.4,35.4,30.5,31,9908
CLW,20140708,16,16.5,14.8,16.5,500
CMG,20140708,7.5,7.5,7.1,7.3,7405
CMT,20140708,0,0,0,10.4,0
CMV,20140708,0,0,0,14.5,0
CMX,20140708,5.3,5.4,5.3,5.3,4009
CNG,20140708,38.3,38.9,38.1,38.7,15153
COM,20140708,30.4,30.4,30,30,84
CSM,20140708,43.7,43.8,42.7,43.2,48645
CTD,20140708,62.5,62.5,62,62,1396
CTG,20140708,14.7,14.8,14.6,14.7,45093
CTI,20140708,13.1,13.1,13.1,13.1,12
CYC,20140708,4.4,4.6,4.4,4.6,134
D2D,20140708,23.5,23.5,23.5,23.5,460
DAG,20140708,14,14,13.4,13.4,337
DCL,20140708,30.3,30.5,30,30,4344
DCT,20140708,2.9,3,2.9,2.9,12551
DHA,20140708,9.7,9.9,9.5,9.9,2827
DHC,20140708,16,16.2,15.7,15.9,19090
DHG,20140708,98.5,99,98,98.5,2440
DHM,20140708,7.7,7.9,7.7,7.9,92091
DIC,20140708,8.5,8.6,8.4,8.5,11524
DIG,20140708,16.4,16.7,16.3,16.5,7354
DLG,20140708,9.2,9.4,9.1,9.2,101916
DMC,20140708,40.4,40.4,40,40.1,4743
DPM,20140708,33.4,33.5,33,33.1,86889
DPR,20140708,39.9,40,39.8,39.9,9985
DQC,20140708,36.8,36.9,36.3,36.9,902
DRC,20140708,51.5,52,50,51,20526
DRH,20140708,4.5,4.6,4.2,4.3,34490
DRL,20140708,29.6,29.6,29.6,29.6,18
DSN,20140708,59,59,59,59,650
DTA,20140708,3.6,4,3.6,4,463
DTL,20140708,9.6,9.6,9.5,9.6,764
DTT,20140708,0,0,0,6,0
DVP,20140708,41,41,41,41,1887
DXG,20140708,15.3,15.5,15.2,15.4,52297
DXV,20140708,4.6,4.7,4.5,4.5,5516
EIB,20140708,13.2,13.3,13.1,13.2,53639
ELC,20140708,15,15,14.8,14.8,312
EMC,20140708,5.7,5.7,5.7,5.7,1
EVE,20140708,0,0,0,27.1,0
FCM,20140708,14.2,14.3,14,14.1,49756
FCN,20140708,24.8,25.3,24.7,25,34542
FDC,20140708,19.3,19.5,19.2,19.2,1803
FLC,20140708,12.5,12.8,12.3,12.8,943708
FMC,20140708,16.8,16.8,16.8,16.8,301
FPT,20140708,49.9,50.5,49.5,49.9,66872
GAS,20140708,110,112,109,111,20490
GDT,20140708,27.4,27.4,27.3,27.3,431
GIL,20140708,23.8,23.9,23.8,23.9,3
GMC,20140708,29.1,29.8,29.1,29.8,1083
GMD,20140708,35.2,35.2,34.4,34.4,9585
GSP,20140708,12.3,12.4,12,12.4,14219
GTA,20140708,11.1,11.1,10.7,10.7,25
GTT,20140708,5.4,5.5,5.3,5.5,106727
HAG,20140708,25.5,25.7,25.3,25.7,323215
HAI,20140708,0,0,0,22.4,0
HAP,20140708,9,9.1,8.8,9.1,40591
HAR,20140708,10.5,10.9,10.5,10.9,197688
HAS,20140708,6.3,6.4,6.3,6.4,586
HAX,20140708,7,7,7,7,2
HBC,20140708,17.7,18.7,17.5,18.4,78649
HCM,20140708,36.1,36.4,35.9,36.1,90795
HDC,20140708,23,23.5,22.8,23.5,44
HDG,20140708,27,27,25.7,25.9,12714
HHS,20140708,23.9,24.2,23.9,24,52259
HLA,20140708,0,0,0,2.4,0
HLG,20140708,5,5,5,5,20
HMC,20140708,9.3,9.3,9.2,9.3,4545
HOT,20140708,27,27,27,27,3
HPG,20140708,54.5,55,54,55,67547
HQC,20140708,8.5,8.5,8.3,8.4,221214
HRC,20140708,38.2,38.5,36.6,36.6,1101
HSG,20140708,47,47,45.9,46.6,20344
HSI,20140708,3.2,3.4,3.2,3.4,842
HT1,20140708,13.4,13.9,13.2,13.9,94886
HTI,20140708,9.5,9.5,9.4,9.4,1186
HTL,20140708,0,0,0,16,0
HTV,20140708,18.1,18.6,18.1,18.6,107
HU1,20140708,7.5,7.9,7.5,7.9,56
HU3,20140708,9.8,9.8,9.3,9.5,1663
HVG,20140708,24,24,23.8,23.8,23704
HVX,20140708,4.6,4.6,4.6,4.6,132
ICF,20140708,4.9,5,4.9,5,3717
IDI,20140708,13.8,13.9,13.6,13.9,39153
IJC,20140708,13.2,13.8,13.2,13.7,354318
IMP,20140708,55.5,55.5,54,55.5,1799
ITA,20140708,8.4,8.5,8.3,8.5,646426
ITC,20140708,8.3,8.5,8.2,8.5,31515
ITD,20140708,7.4,7.4,7.1,7.3,16131
JVC,20140708,16.2,16.3,15.7,16.2,24988
KAC,20140708,10.3,10.3,10.3,10.3,1
KBC,20140708,11.5,11.6,11.3,11.6,100432
KDC,20140708,60.5,60.5,59.5,60.5,1727
KDH,20140708,16.4,16.4,15.9,16.3,2756
KHA,20140708,20.1,20.1,20.1,20.1,126
KHP,20140708,14.3,14.4,14.3,14.4,1449
KMR,20140708,7.1,7.4,7.1,7.2,81447
KSA,20140708,8.3,8.5,8.2,8.3,64727
KSB,20140708,26.5,26.5,26.4,26.4,1286
KSH,20140708,0,0,0,6.3,0
KSS,20140708,6.2,6.4,6.2,6.3,164506
KTB,20140708,6.9,6.9,6.7,6.9,70462
L10,20140708,12.8,12.9,12.8,12.8,1141
LAF,20140708,11.1,11.4,11.1,11.3,11910
LBM,20140708,13.5,13.8,13.5,13.8,81
LCG,20140708,7.8,8,7.6,8,256819
LCM,20140708,6.6,6.7,6.5,6.5,52299
LGC,20140708,21,21,21,21,10
LGL,20140708,4.6,4.8,4.5,4.6,1028
LHG,20140708,9.5,9.9,9.5,9.9,2001
LIX,20140708,27.3,27.3,26.4,27,2139
LM8,20140708,17.9,18.7,17.9,18.7,32
LSS,20140708,11.2,11.4,11,11,2631
MAFPF1,20140708,9.7,9.7,9.7,9.7,500
MBB,20140708,14.1,14.2,13.9,14,123556
MCG,20140708,7,7.1,6.8,7.1,52794
MCP,20140708,0,0,0,17.1,0
MDG,20140708,5.4,5.5,5.4,5.4,2810
MHC,20140708,11.9,12,11.6,12,6114
MPC,20140708,35.5,37.1,35.5,37.1,256
MSN,20140708,93,93,92,93,11956
MTG,20140708,5.1,5.2,5,5.1,7195
NAV,20140708,5.9,6,5.9,6,110
NBB,20140708,19.8,21,19.8,21,52273
NHS,20140708,12.2,12.2,12,12.1,24486
NHW,20140708,0,0,0,12,0
NKG,20140708,10.6,10.8,10.4,10.6,6312
NLG,20140708,17.5,17.9,17.5,17.9,1411
NNC,20140708,57.5,58,57,57.5,1147
NSC,20140708,80,80,79.5,80,90
NTL,20140708,15.9,15.9,15.6,15.7,51069
NVN,20140708,3.1,3.2,3.1,3.1,1650
NVT,20140708,7,7.3,7,7.2,17396
OGC,20140708,11.4,11.6,11.3,11.5,141202
OPC,20140708,63,63,63,63,1
PAC,20140708,23,23.2,22.8,23.1,3851
PAN,20140708,0,0,0,44.5,0
PDN,20140708,38.5,39.8,38,39.8,250
PDR,20140708,10.9,11.2,10.2,11.2,409
PET,20140708,18.1,18.4,18,18.2,137702
PGC,20140708,12.7,13.2,12.6,13.1,45565
PGD,20140708,37.2,37.3,36.7,37,19593
PGI,20140708,9,9,9,9,420
PHR,20140708,27,27,26.9,27,48
PIT,20140708,0,0,0,8.7,0
PJT,20140708,8,8,7.8,7.8,61
PNC,20140708,6.7,6.7,6.7,6.7,1
PNJ,20140708,29.5,30,29.5,30,1403
POM,20140708,12.7,12.7,12.7,12.7,45
PPC,20140708,21,21.1,20.8,20.9,20888
PPI,20140708,11.6,11.6,11.2,11.4,21059
PTB,20140708,42.6,42.6,42.6,42.6,100
PTC,20140708,6,6,6,6,50
PTK,20140708,4.8,4.9,4.7,4.8,42007
PTL,20140708,3.1,3.3,3.1,3.3,183002
PVD,20140708,83.5,84,83,83.5,18932
PVT,20140708,13,13.6,12.9,13.5,256661
PXI,20140708,5.3,5.3,5.1,5.2,10878
PXL,20140708,4.4,4.7,4.4,4.7,131746
PXS,20140708,21.6,21.8,21.2,21.5,48659
PXT,20140708,4,4,3.8,4,3482
QCG,20140708,8.8,9,8.8,8.8,13027
RAL,20140708,45.1,45.5,45,45.5,230
RDP,20140708,14.4,15.3,14.4,15.3,2
REE,20140708,27.1,27.3,26.9,27,78926
RIC,20140708,7.9,8.8,7.9,8.8,76
SAM,20140708,10.5,10.7,10.4,10.7,158758
SAV,20140708,14.5,14.5,14.5,14.5,1
SBA,20140708,10.2,10.2,10,10,19825
SBC,20140708,0,0,0,9.2,0
SBT,20140708,12.3,12.3,12.2,12.3,9659
SC5,20140708,26.5,27.9,24.9,26.6,161
SCD,20140708,27.7,29.3,27.7,29.3,4
SEC,20140708,11.1,11.3,11.1,11.2,918
SFC,20140708,0,0,0,22.3,0
SFI,20140708,29.8,29.8,28.7,29.8,180
SGT,20140708,5.6,5.6,5.2,5.2,1168
SHI,20140708,5.7,6,5.7,6,4189
SII,20140708,0,0,0,17.5,0
SJD,20140708,23.9,24,23.7,23.9,9362
SJS,20140708,19.8,20,19.3,20,21565
SKG,20140708,34.8,34.8,34.8,34.8,268
SMA,20140708,5.4,5.5,5.3,5.4,6361
SMC,20140708,9.8,9.8,9.6,9.6,352
SPM,20140708,20.4,20.4,20.4,20.4,55
SRC,20140708,22.2,22.6,22.1,22.4,12868
SRF,20140708,14.5,14.5,14.5,14.5,364
SSC,20140708,60,64,60,60,14
SSI,20140708,26.7,26.8,26.4,26.8,247871
ST8,20140708,19.4,19.4,19,19.4,550
STB,20140708,20.3,20.5,20.3,20.4,24038
STG,20140708,24.7,24.7,24.7,24.7,1
STT,20140708,2.9,3,2.9,3,2
SVC,20140708,15.6,15.8,15.4,15.6,7290
SVI,20140708,37,38,37,38,103
SVT,20140708,0,0,0,6.9,0
SZL,20140708,17.5,18.2,17.5,18.1,8287
TAC,20140708,47,47,47,47,26
TBC,20140708,20.9,20.9,20.7,20.9,1120
TCL,20140708,24,24.1,24,24.1,5
TCM,20140708,28.3,28.6,27.9,28.2,79986
TCO,20140708,11.9,12.6,11.9,12.6,11125
TCR,20140708,5.7,5.7,5.6,5.7,154
TDC,20140708,10.5,10.6,10.3,10.5,81602
TDH,20140708,16.1,16.1,15.9,16,26393
TDW,20140708,19,19,19,19,15
THG,20140708,0,0,0,10.1,0
TIC,20140708,11.2,11.2,11,11,9
TIE,20140708,15.3,15.4,15.1,15.4,2162
TIX,20140708,20.1,20.2,20.1,20.2,102
TLG,20140708,41,41.5,41,41.5,38
TLH,20140708,9.2,9.3,9,9.3,100286
TMP,20140708,23.5,23.5,23.5,23.5,50
TMS,20140708,0,0,0,33.9,0
TMT,20140708,7.3,7.8,7.3,7.8,1065
TNA,20140708,27.9,27.9,27.9,27.9,1
TNC,20140708,11,11,10.7,10.7,1564
TNT,20140708,3.2,3.3,3.1,3.2,23936
TPC,20140708,9.1,9.1,8.9,8.9,1903
TRA,20140708,81,86,78.5,78.5,301
TRC,20140708,34.2,34.5,34.1,34.5,1222
TS4,20140708,10.1,10.2,9.8,10,1259
TSC,20140708,24.2,24.3,23.7,24,9634
TTF,20140708,10.3,10.5,10.2,10.5,67763
TTP,20140708,17.8,17.8,17.2,17.5,1722
TV1,20140708,0,0,0,12.5,0
TYA,20140708,7.1,7.1,6.9,7,1131
UDC,20140708,6.9,6.9,6.6,6.9,36759
UIC,20140708,0,0,0,14.5,0
VCB,20140708,26.3,26.3,26.1,26.2,17775
VCF,20140708,162,162,153,153,40
VFG,20140708,0,0,0,40.5,0
VHC,20140708,39.8,39.8,39,39.4,3408
VHG,20140708,11.3,11.5,11.1,11.4,175984
VIC,20140708,75,75,71,71.5,131575
VID,20140708,4.8,5.1,4.8,5.1,30256
VIP,20140708,10.8,10.8,10.6,10.8,39814
VIS,20140708,8.5,8.6,8.3,8.5,60707
VLF,20140708,5.4,5.5,5.4,5.4,4505
VMD,20140708,16.2,16.2,16.2,16.2,49
VNA,20140708,3.1,3.2,3,3,1939
VNE,20140708,6.8,7.2,6.8,7.1,174009
VNG,20140708,10.9,10.9,10.9,10.9,3
VNH,20140708,4.8,4.9,4.7,4.9,93234
VNI,20140708,3.6,3.8,3.6,3.8,16
VNL,20140708,0,0,0,20,0
VNM,20140708,128,129,127,129,15940
VNS,20140708,45,47.6,44.8,45,504
VOS,20140708,4,4.1,3.9,4,16264
VPH,20140708,8.3,8.5,8.3,8.4,7533
VPK,20140708,24.8,25.8,24.2,25.8,943
VRC,20140708,5.6,5.7,5.6,5.7,6737
VSC,20140708,53,53,52,52,1024
VSH,20140708,15.5,15.6,15.3,15.5,56418
VSI,20140708,8,8,8,8,1
VST,20140708,2.6,2.7,2.6,2.6,8529
VTB,20140708,10,10.5,9.8,10.5,5
VTF,20140708,0,0,0,18.2,0
VTO,20140708,7.2,7.4,7.1,7.4,106199
AAA,20140708,19.1,20,19,19.8,555900
ACB,20140708,15.5,15.6,15.4,15.5,203500
ADC,20140708,0,0,0,21,0
ALT,20140708,0,0,0,12,0
ALV,20140708,5.6,5.7,5.6,5.6,500
AMC,20140708,0,0,0,22,0
AME,20140708,4,4,4,4,200
AMV,20140708,5.2,5.2,5.2,5.2,500
APG,20140708,5.7,6,5.7,6,446400
API,20140708,11.5,11.5,11.5,11.5,1500
APP,20140708,0,0,0,12.6,0
APS,20140708,6,6.2,6,6,539600
ARM,20140708,0,0,0,19.5,0
ASA,20140708,17.6,17.7,17.4,17.6,26500
B82,20140708,10.8,11,10.8,11,6200
BBS,20140708,0,0,0,16.2,0
BCC,20140708,7.7,7.9,7.6,7.9,13700
BDB,20140708,0,0,0,6.5,0
BED,20140708,0,0,0,11.5,0
BHT,20140708,0,0,0,5.7,0
BKC,20140708,10,11,10,11,300
BLF,20140708,0,0,0,5,0
BPC,20140708,11.4,11.4,11.4,11.4,600
BSC,20140708,0,0,0,7.4,0
BST,20140708,0,0,0,12.6,0
BTH,20140708,0,0,0,3.8,0
BTS,20140708,5.2,5.3,5.2,5.2,15700
BVG,20140708,2.9,3,2.9,3,3100
BVS,20140708,13.4,13.5,13.2,13.4,644300
BXH,20140708,8.4,10.2,8.4,10.2,200
C92,20140708,0,0,0,10.8,0
CAN,20140708,0,0,0,33,0
CAP,20140708,24.5,25,24.5,25,5200
CCM,20140708,0,0,0,12,0
CHP,20140708,10.9,10.9,10.8,10.8,12800
CID,20140708,0,0,0,14.5,0
CJC,20140708,32,36.7,32,36.7,2100
CKV,20140708,10.8,10.8,10.8,10.8,500
CMC,20140708,5.5,5.5,5.5,5.5,100
CMI,20140708,17.5,17.8,17.5,17.7,28900
CMS,20140708,10.8,10.8,10.7,10.7,23700
CPC,20140708,19.6,19.9,19.5,19.9,3200
CSC,20140708,9.9,10,9,9,6200
CT6,20140708,7.3,7.3,7.3,7.3,100
CTA,20140708,3.9,4.1,3.9,4.1,800
CTB,20140708,30,30,30,30,2000
CTC,20140708,6.1,6.1,6.1,6.1,100
CTM,20140708,3.4,3.4,3.4,3.4,2000
CTN,20140708,7,7.2,7,7,2100
CTS,20140708,9.2,9.3,9,9.3,392000
CTX,20140708,0,0,0,9.2,0
CVN,20140708,2.9,3,2.9,3,16200
CVT,20140708,18.1,18.1,17.6,17.8,130100
CX8,20140708,4.6,4.6,4.5,4.5,500
D11,20140708,0,0,0,13.2,0
DAC,20140708,0,0,0,9,0
DAD,20140708,17.5,17.8,17.2,17.8,6800
DAE,20140708,0,0,0,17.5,0
DBC,20140708,21.4,21.7,21.4,21.7,67700
DBT,20140708,33.5,33.5,29.6,29.6,8400
DC2,20140708,4,4,3.9,3.9,2700
DC4,20140708,8.5,9.1,8.5,9.1,700
DCS,20140708,6.3,6.4,6.2,6.3,1108900
DHP,20140708,8.3,8.3,8.1,8.3,31100
DHT,20140708,27.3,29.5,27.3,29.5,7000
DID,20140708,5,5,5,5,500
DIH,20140708,9.1,9.2,9.1,9.2,1400
DL1,20140708,8.8,8.8,8.8,8.8,1200
DLR,20140708,0,0,0,7.2,0
DNC,20140708,12,12,12,12,15000
DNM,20140708,30,30.5,30,30.5,600
DNP,20140708,18.7,18.7,18.7,18.7,100
DNY,20140708,0,0,0,6,0
DPC,20140708,0,0,0,14,0
DST,20140708,5.2,5.2,5.2,5.2,3000
DXP,20140708,37.5,38,37.5,38,6000
DZM,20140708,5,5,4.8,4.8,1100
EBS,20140708,8,8,7.7,7.9,16100
ECI,20140708,0,0,0,17.2,0
EFI,20140708,6.7,6.7,6.6,6.7,225600
EID,20140708,12.1,12.1,11.9,11.9,7200
FDT,20140708,26.5,28.3,26.5,28.3,1100
FIT,20140708,14.7,14.8,14.5,14.8,1240000
GLT,20140708,16.5,16.5,16.4,16.5,6600
GMX,20140708,11.4,11.4,11.4,11.4,100
HAD,20140708,0,0,0,40.7,0
HAT,20140708,0,0,0,45.9,0
HBE,20140708,0,0,0,4.5,0
HBS,20140708,0,0,0,5.1,0
HCC,20140708,0,0,0,12,0
HCT,20140708,11.3,11.3,11.3,11.3,100
HDA,20140708,13.5,13.5,11.7,11.7,12800
HDO,20140708,4.3,4.4,4.2,4.3,49800
HEV,20140708,0,0,0,13.3,0
HGM,20140708,0,0,0,51,0
HHC,20140708,0,0,0,35,0
HHG,20140708,3.9,3.9,3.8,3.9,4300
HJS,20140708,10.3,10.7,10.3,10.7,46800
HLC,20140708,9,9,9,9,4000
HLD,20140708,17.6,17.7,17.5,17.6,43500
HLY,20140708,0,0,0,8,0
HMH,20140708,20.1,20.5,20.1,20.5,10500
HNM,20140708,8.8,9.3,8.8,9.2,151700
HOM,20140708,6.8,7.3,6.8,7.2,46500
HPC,20140708,5.2,5.2,5.1,5.1,505700
HPS,20140708,3,3.1,2.9,3.1,2600
HST,20140708,0,0,0,4.9,0
HTC,20140708,23.8,23.8,23.8,23.8,1400
HTP,20140708,0,0,0,5.7,0
HUT,20140708,11.9,12.2,11.7,12.2,1104000
HVT,20140708,0,0,0,18.4,0
ICG,20140708,8.4,8.5,8.3,8.4,161500
IDJ,20140708,4.4,4.4,4.2,4.4,88400
IDV,20140708,0,0,0,32,0
INC,20140708,0,0,0,7.1,0
INN,20140708,30,30.5,30,30,25500
ITQ,20140708,9.7,10,9.6,9.9,998600
IVS,20140708,8.3,8.6,8.3,8.5,708600
KHB,20140708,4.7,4.8,4.6,4.8,162800
KHL,20140708,4.1,4.2,4.1,4.2,104500
KKC,20140708,18,18.1,18,18.1,15300
KLF,20140708,11.6,11.6,11.4,11.6,2322200
KLS,20140708,11.8,12.8,11.8,12.8,3863800
KMT,20140708,0,0,0,6.6,0
KSD,20140708,4.4,4.4,4.3,4.3,134700
KSK,20140708,13.9,13.9,13.6,13.6,80200
KSQ,20140708,4.1,4.2,4,4.1,18600
KST,20140708,5.8,5.8,5.8,5.8,100
KTS,20140708,15.8,16.4,15.8,16.4,200
KTT,20140708,0,0,0,4.5,0
L14,20140708,8.3,9.2,8.3,9.2,300
L18,20140708,10,10,10,10,500
L35,20140708,0,0,0,5.2,0
L43,20140708,0,0,0,6.2,0
L44,20140708,0,0,0,6.7,0
L61,20140708,8.8,8.8,8.5,8.5,7700
L62,20140708,4.2,4.2,4.2,4.2,100
LAS,20140708,35.1,35.3,35,35.2,76500
LBE,20140708,0,0,0,12.8,0
LCD,20140708,8.7,8.7,8.7,8.7,4000
LCS,20140708,5.1,5.3,5.1,5.2,10100
LDP,20140708,0,0,0,55.5,0
LHC,20140708,57,57.5,57,57.4,3000
LIG,20140708,6.2,6.2,6.2,6.2,100
LM3,20140708,0,0,0,3.2,0
LM7,20140708,4.4,4.5,4.3,4.4,10800
LO5,20140708,3.6,3.6,3.6,3.6,9100
LTC,20140708,8.2,8.3,8.2,8.3,1900
LUT,20140708,4.7,4.8,4.7,4.8,8400
MAC,20140708,6.2,6.3,6.2,6.3,18200
MAX,20140708,3.8,3.8,3.8,3.8,3300
MCC,20140708,13,13,12.7,12.7,1300
MCF,20140708,13.6,14.7,13.6,14.7,19100
MCO,20140708,4.2,4.5,4.2,4.5,3800
MDC,20140708,0,0,0,9.9,0
MEC,20140708,6.1,6.1,6.1,6.1,100
MHL,20140708,0,0,0,7,0
MIM,20140708,5.2,5.2,5.2,5.2,1900
MKV,20140708,8.7,9.8,8.7,9.8,2300
MNC,20140708,10.8,11.1,10.5,11.1,2500
NAG,20140708,5.5,5.5,5.2,5.3,13000
NBC,20140708,0,0,0,10.5,0
NBP,20140708,0,0,0,16.5,0
NDN,20140708,10.6,11.8,10.6,11.6,56600
NDX,20140708,7.5,7.8,7.5,7.8,1100
NET,20140708,28.7,28.7,28.5,28.5,4700
NFC,20140708,0,0,0,37,0
NGC,20140708,14,14,13.5,13.5,2000
NHA,20140708,0,0,0,4.2,0
NHC,20140708,0,0,0,33,0
NLC,20140708,28.6,28.6,28.2,28.5,12500
NPS,20140708,15.2,15.2,15,15.2,4700
NST,20140708,10.3,10.6,10.3,10.6,5000
NTP,20140708,53.9,53.9,53.9,53.9,400
NVB,20140708,6.4,7,6.4,7,4900
OCH,20140708,25.5,25.6,25.4,25.6,20300
ONE,20140708,8.1,8.1,8.1,8.1,300
ORS,20140708,3.7,3.8,3.7,3.8,430400
PCG,20140708,0,0,0,8,0
PCT,20140708,5.1,5.4,5.1,5.3,3200
PDC,20140708,3.5,3.7,3.5,3.7,200
PFL,20140708,3.4,3.6,3.3,3.4,347100
PGS,20140708,31.4,31.5,31.1,31.5,459900
PGT,20140708,6.3,6.9,5.7,6.7,101700
PHC,20140708,5.5,5.5,5.5,5.5,200
PHH,20140708,7,7,6.8,6.8,17500
PID,20140708,0,0,0,7,0
PIV,20140708,7,7,7,7,100
PJC,20140708,0,0,0,15.1,0
PLC,20140708,18.6,18.9,18.6,18.9,1600
PMC,20140708,47,52,47,52,7800
PMS,20140708,10.2,11.2,10.2,11.2,800
POT,20140708,13.6,13.7,13,13.7,17100
PPE,20140708,2.9,3.2,2.9,3,6400
PPG,20140708,2.7,2.7,2.7,2.7,3000
PPP,20140708,9,9,9,9,800
PPS,20140708,11.7,11.9,11.7,11.9,26700
PRC,20140708,0,0,0,11.2,0
PSC,20140708,10,10.1,9.9,9.9,2600
PSD,20140708,33.8,34.3,33.8,34.3,1200
PSI,20140708,6.5,7,6.5,6.9,30700
PTI,20140708,0,0,0,11,0
PTM,20140708,0,0,0,7,0
PTS,20140708,5.3,5.3,4.9,5,2600
PV2,20140708,3.3,3.3,3.2,3.3,298100
PVB,20140708,25.7,26,25.7,26,11100
PVC,20140708,19.2,19.4,18.9,19.4,1265600
PVE,20140708,7.4,7.5,7.1,7.3,76100
PVG,20140708,11.6,11.7,11.4,11.7,293000
PVI,20140708,19,19,18.7,18.7,2800
PVL,20140708,3.7,3.9,3.7,3.9,932700
PVR,20140708,3.5,3.7,3.5,3.6,70100
PVS,20140708,29.8,29.8,29.3,29.8,2632800
PVV,20140708,3.2,3.2,3.1,3.2,63900
PVX,20140708,4.4,4.5,4.3,4.5,4030300
PXA,20140708,3.5,3.5,3.4,3.5,34600
QHD,20140708,0,0,0,14.6,0
QNC,20140708,6.5,6.8,6.5,6.8,14400
QST,20140708,0,0,0,11.7,0
QTC,20140708,54.2,54.2,51,51,2000
RCL,20140708,22,23.4,21.9,23.4,1100
S12,20140708,7.4,7.6,7.3,7.6,2200
S55,20140708,39,39,39,39,200
S74,20140708,11,11.1,10.9,11.1,5600
S99,20140708,14,14.8,14,14.5,9900
SAF,20140708,0,0,0,28.8,0
SAP,20140708,0,0,0,10.9,0
SCJ,20140708,13.6,14.4,13.6,14.3,6400
SCL,20140708,16.6,16.6,16.2,16.4,28700
SCR,20140708,9.1,9.3,9,9.3,2813300
SD1,20140708,3.6,3.8,3.6,3.8,14100
SD2,20140708,8.1,8.2,8.1,8.2,2100
SD4,20140708,10,10.1,9.8,9.9,21600
SD5,20140708,13.6,13.6,13.3,13.6,29300
SD6,20140708,13.5,13.6,13.4,13.6,82400
SD7,20140708,9.5,9.8,9.4,9.8,11100
SD9,20140708,13.6,13.7,13.3,13.7,362300
SDA,20140708,6.1,6.3,6.1,6.3,51500
SDC,20140708,0,0,0,13.6,0
SDD,20140708,4.6,4.7,4.5,4.7,155100
SDE,20140708,0,0,0,7.4,0
SDG,20140708,26,26,24,24,500
SDH,20140708,5.4,5.4,5.3,5.4,28600
SDN,20140708,0,0,0,25,0
SDP,20140708,6.7,6.8,6.7,6.8,9500
SDT,20140708,15.5,15.5,15.1,15.5,20500
SDU,20140708,8.5,8.7,8.5,8.7,11800
SDY,20140708,3.8,3.8,3.8,3.8,100
SEB,20140708,0,0,0,34,0
SED,20140708,18,19.8,17.9,18.8,23300
SFN,20140708,15,15,15,15,600
SGC,20140708,0,0,0,38,0
SGD,20140708,0,0,0,9.9,0
SGH,20140708,0,0,0,48.7,0
SHA,20140708,4.8,4.8,4.8,4.8,200
SHB,20140708,9.2,9.4,9,9.4,6491200
SHN,20140708,4.7,4.7,4.6,4.7,614200
SHS,20140708,9.3,9.6,9.3,9.6,2254200
SIC,20140708,6.6,6.6,6.6,6.6,100
SJ1,20140708,0,0,0,18,0
SJC,20140708,0,0,0,10.1,0
SJE,20140708,22,22,22,22,32300
SKS,20140708,11,11,10,10,1700
SLS,20140708,0,0,0,28.7,0
SMT,20140708,23.6,25.4,23.6,25.4,2600
SNG,20140708,17.6,17.6,17.4,17.6,19600
SPI,20140708,0,0,0,6.2,0
SPP,20140708,7.2,7.2,7.2,7.2,2100
SQC,20140708,77.1,77.1,77.1,77.1,300000
SRA,20140708,2.7,2.9,2.7,2.9,300
SRB,20140708,3.3,3.3,3.1,3.1,11800
SSG,20140708,2.1,2.1,2.1,2.1,500
SSM,20140708,10.3,10.7,10.3,10.7,4800
STC,20140708,15.7,15.7,15.7,15.7,1400
STP,20140708,9.7,9.8,9.7,9.8,900
SVN,20140708,0,0,0,10.2,0
TAG,20140708,0,0,0,22.5,0
TBX,20140708,0,0,0,10,0
TC6,20140708,13,13.2,13,13,16100
TCS,20140708,10.8,10.8,10.8,10.8,6200
TCT,20140708,104,106,104,106,1200
TDN,20140708,9,9.2,9,9.2,2400
TET,20140708,0,0,0,15.5,0
TH1,20140708,23.2,23.2,23.2,23.2,100
THB,20140708,0,0,0,19.2,0
THS,20140708,0,0,0,11.9,0
THT,20140708,12,12.6,12,12.6,22300
TIG,20140708,8,8.2,8,8.2,46600
TJC,20140708,6.8,6.9,6.6,6.7,1500
TKC,20140708,5.5,5.5,5.3,5.4,7200
TKU,20140708,0,0,0,11.4,0
TMC,20140708,0,0,0,10.5,0
TMX,20140708,0,0,0,7.3,0
TNG,20140708,11.8,11.9,11.8,11.8,49100
TPH,20140708,0,0,0,7.4,0
TPP,20140708,14.5,14.5,14.5,14.5,1600
TSB,20140708,0,0,0,7.7,0
TSM,20140708,0,0,0,2.7,0
TST,20140708,0,0,0,4.9,0
TTC,20140708,11.3,11.3,10.9,10.9,1400
TTZ,20140708,4.8,4.9,4.7,4.9,2500
TV2,20140708,19.8,19.8,19.8,19.8,1000
TV3,20140708,15.2,16.5,15.2,16.5,200
TV4,20140708,9,9,9,9,1800
TVD,20140708,13,13,12.9,12.9,5500
TXM,20140708,7.2,7.8,7.2,7.5,5600
UNI,20140708,7,7,6.8,7,54600
V12,20140708,9,9,9,9,1100
V15,20140708,2.4,2.5,2.3,2.5,13900
V21,20140708,0,0,0,5.8,0
VAT,20140708,0,0,0,5.1,0
VBC,20140708,0,0,0,33,0
VBH,20140708,11.9,12.1,11.9,12.1,300
VC1,20140708,19.1,19.1,18.5,19.1,9700
VC2,20140708,14,14.9,13.7,14.9,6700
VC3,20140708,12.6,12.6,12.6,12.6,3000
VC5,20140708,0,0,0,7.1,0
VC6,20140708,7.9,7.9,7.8,7.8,4200
VC7,20140708,7.5,7.5,7.5,7.5,3000
VC9,20140708,7.8,7.8,7.5,7.5,2100
VCC,20140708,15.1,15.1,14.7,15,15100
VCG,20140708,13.9,14.5,13.8,14.5,1418400
VCM,20140708,0,0,0,13.1,0
VCR,20140708,2.6,2.7,2.6,2.6,13400
VCS,20140708,14.7,15,14.7,14.7,106300
VDL,20140708,25,25.3,24.5,25.3,4000
VDS,20140708,5,5,4.9,5,46100
VE1,20140708,3.9,4.1,3.8,3.8,4000
VE2,20140708,10.6,10.7,10.5,10.7,400
VE3,20140708,10.2,10.3,9.5,10.2,500
VE4,20140708,0,0,0,10.4,0
VE8,20140708,6.4,6.4,6.1,6.1,200
VE9,20140708,9.5,10,9.5,9.5,27600
VFR,20140708,0,0,0,9.9,0
VGP,20140708,19,20.8,19,20.8,1200
VGS,20140708,7.9,7.9,7.6,7.9,494400
VHL,20140708,27.9,27.9,27.9,27.9,1000
VIE,20140708,0,0,0,2.9,0
VIG,20140708,5.2,5.2,5,5.2,822000
VIT,20140708,9.8,10,9.8,10,2400
VIX,20140708,19,19.3,18.5,19,120200
VKC,20140708,7.2,7.2,7,7,99000
VLA,20140708,14.4,14.4,14.4,14.4,100
VMC,20140708,0,0,0,15.8,0
VNC,20140708,14.7,14.7,14.7,14.7,200
VND,20140708,16.9,17.1,16.7,17,1883800
VNF,20140708,28.5,28.5,28.5,28.5,2000
VNN,20140708,0,0,0,5.7,0
VNR,20140708,20.2,20.2,20,20,12700
VNT,20140708,31.5,34,31.5,34,3400
VPC,20140708,2.8,2.8,2.8,2.8,71400
VTC,20140708,4.6,4.9,4.6,4.9,5100
VTL,20140708,24,24,24,24,100
VTS,20140708,0,0,0,10,0
VTV,20140708,12.7,13.5,12.7,13.4,8200
VXB,20140708,0,0,0,11,0
WCS,20140708,81,82,81,82,600
WSS,20140708,5,5.1,4.9,5.1,235200
